INSERT INTO "customers" ("id", "first_name", "second_name", "first_last_name", "second_last_name", "email", "phone_number", "address") VALUES 
('0102030405', 'Juan', 'Pablo', 'Gomez', 'Vargas', 'juan.gomez@example.com', '0991234567', 'Av. Principal 123'),
('0607080910', 'Maria', 'Fernanda', 'Perez', 'Gutierrez', 'maria.perez@example.com', '0987654321', 'Calle Secundaria 45'),
('1112131415', 'Carlos', 'Andres', 'Rodriguez', 'Moreno', 'carlos.rodriguez@example.com', '0965432109', 'Vía Panamericana'),
('1617181920', 'Paola', 'Alejandra', 'Lopez', 'Velez', 'paola.lopez@example.com', '0956789012', 'Barrio Nuevo'),
('2122232425', 'Ricardo', 'Javier', 'Suarez', 'Castillo', 'ricardo.suarez@example.com', '0987123456', 'La Floresta 67'),
('2627282930', 'Ana', 'Gabriela', 'Garcia', 'Mendoza', 'ana.garcia@example.com', '0978901234', 'Av. de las Palmeras'),
('3132333435', 'Fernando', 'Miguel', 'Vera', 'Santos', 'fernando.vera@example.com', '0998765432', 'Calle de los Pinos'),
('3637383940', 'Diana', 'Carolina', 'Ramirez', 'Chavez', 'diana.ramirez@example.com', '0965432109', 'Av. de las Acacias'),
('4142434445', 'Eduardo', 'Alejandro', 'Cruz', 'Rojas', 'eduardo.cruz@example.com', '0987654321', 'Urbanización Los Olivos'),
('4647484950', 'Carla', 'Valeria', 'Alvarez', 'Ortiz', 'carla.alvarez@example.com', '0978901234', 'Callejon de los Sueños'),
('5152535455', 'Luis', 'Alberto', 'Guerrero', 'Villavicencio', 'luis.guerrero@example.com', '0998765432', 'Av. de las Rosas'),
('5657585950', 'Monica', 'Isabel', 'Torres', 'Narvaez', 'monica.torres@example.com', '0965432109', 'Calle del Rio'),
('6061636465', 'Andres', 'Felipe', 'Cordova', 'Arias', 'andres.cordova@example.com', '0987654321', 'Ruta del Sol'),
('6566676865', 'Carmen', 'Estefania', 'Paz', 'Benitez', 'carmen.paz@example.com', '0978901234', 'Av. de los Ceibos'),
('6970737475', 'Pablo', 'Emilio', 'Moreno', 'Delgado', 'pablo.moreno@example.com', '0998765432', 'Calle de las Orquideas'),
('7677787980', 'Laura', 'Elena', 'Guzman', 'Molina', 'laura.guzman@example.com', '0965432109', 'Av. de las Violetas'),
('8182838485', 'Gustavo', 'Antonio', 'Hidalgo', 'Silva', 'gustavo.hidalgo@example.com', '0987654321', 'Calle de las Estrellas'),
('8687888985', 'Isabel', 'Patricia', 'Aguilar', 'Aguirre', 'isabel.aguilar@example.com', '0978901234', 'Av. de los Girasoles'),
('9091929395', 'Roberto', 'Carlos', 'Nunez', 'Maldonado', 'roberto.nunez@example.com', '0998765432', 'Calle del Mar'),
('9495969790', 'Elena', 'Beatriz', 'Jimenez', 'Vera', 'elena.jimenez@example.com', '0965432109', 'Urbanización Los Pinos')
;

INSERT INTO "tables" ("id", "size", "availability") VALUES
(1, 2, TRUE), 
(2, 4, TRUE), 
(3, 6, TRUE), 
(4, 2, TRUE), 
(5, 4, TRUE), 
(6, 6, TRUE), 
(7, 2, TRUE), 
(8, 4, TRUE), 
(9, 6, TRUE), 
(10, 2, TRUE), 
(11, 4, TRUE), 
(12, 6, TRUE)
;

INSERT INTO "visits" ("entry", "exit", "table_id") VALUES
('01/01/2023 12:30:00', '01/01/2023 14:00:00', 1),
('02/01/2023 18:00:00', '02/01/2023 19:30:00', 2),
('03/01/2023 20:15:00', '03/01/2023 22:00:00', 3),
('04/01/2023 13:45:00', '04/01/2023 15:30:00', 4),
('05/01/2023 19:30:00', '05/01/2023 21:00:00', 5),
('06/01/2023 14:00:00', '05/01/2023 21:00:00', 6),
('07/01/2023 17:45:00', '07/01/2023 19:30:00', 7),
('08/01/2023 20:00:00', '08/01/2023 21:45:00', 8),
('09/01/2023 12:00:00', '09/01/2023 13:30:00', 9),
('10/01/2023 18:30:00', '05/01/2023 21:00:00', 10)
;


  INSERT INTO "master_orders" ("visit_id") VALUES 
  (1),
  (2),
  (3),
  (4),
  (5),
  (6),
  (7),
  (8),
  (9),
  (10)
  ;

INSERT INTO "categories" ("id", "name") VALUES 
(1, 'Plato Principal'),
(2, 'Entrada'),
(3, 'Sopa'),
(4, 'Postre'),
(5, 'Bebida')
;

INSERT INTO "products" ("id", "name", "price", "category_id", "availability") VALUES
(1, 'Lomo Saltado', 18.99, 1, TRUE),
(2, 'Ceviche de Camarón', 15.50, 2, TRUE),
(3, 'Encebollado', 12.75, 3, TRUE),
(4, 'Pastel de Chocolate', 8.99, 4, TRUE),
(5, 'Camarones a la Diabla', 20.50, 1, TRUE),
(6, 'Helado de Vainilla', 5.99, 4, TRUE),
(7, 'Sopa de Tomate', 10.25, 3, TRUE),
(8, 'Pollo al Curry', 16.75, 1, TRUE),
(9, 'Tiramisú', 9.99, 4, TRUE),
(10, 'Margarita', 7.50, 5, TRUE),
(11, 'Pasta Alfredo', 14.25, 1, TRUE),
(12, 'Flan de Caramelo', 6.99, 4, TRUE),
(13, 'Sopa de Cebolla', 11.50, 3, TRUE),
(14, 'Sushi Variado', 22.99, 1, TRUE),
(15, 'Cheesecake de Fresa', 8.50, 4, TRUE),
(16, 'Hamburguesa Clásica', 13.75, 1, TRUE),
(17, 'Mousse de Chocolate', 7.99, 4, TRUE),
(18, 'Crema de Espárragos', 9.50, 3, TRUE),
(19, 'Pescado a la Parrilla', 19.50, 1, TRUE),
(20, 'Gelato de Limón', 6.50, 4, TRUE),
(21, 'Gazpacho', 10.75, 3, TRUE),
(22, 'Costillas BBQ', 18.25, 1, TRUE),
(23, 'Mousse de Frutas del Bosque', 8.75, 4, TRUE),
(24, 'Caldo de Pollo', 9.25, 3, TRUE),
(25, 'Pizza Margherita', 15.99, 1, TRUE),
(26, 'Crepas de Nutella', 7.25, 4, TRUE),
(27, 'Sopa de Lentejas', 11.99, 3, TRUE),
(28, 'Filete de Salmón', 20.75, 1, TRUE),
(29, 'Tarta de Manzana', 9.50, 4, TRUE),
(30, 'Crema de Champiñones', 8.99, 3, TRUE),
(31, 'Arroz con Pollo', 16.50, 1, TRUE),
(32, 'Chocolate Caliente', 4.99, 5, TRUE),
(33, 'Sopa de Fideos', 10.50, 3, TRUE),
(34, 'Tacos de Carne Asada', 14.75, 1, TRUE),
(35, 'Pudín de Pan', 6.25, 4, TRUE),
(36, 'Cóctel de Frutas', 6.99, 5, TRUE),
(37, 'Paella de Mariscos', 22.50, 1, TRUE),
(38, 'Tarta de Chocolate', 8.25, 4, TRUE),
(39, 'Sopa Minestrone', 11.25, 3, TRUE),
(40, 'Parrillada Mixta', 24.99, 1, TRUE),
(41, 'Mojito', 8.50, 5, TRUE),
(42, 'Helado de Chocolate', 5.99, 4, TRUE),
(43, 'Sopa de Guisantes', 10.75, 3, TRUE),
(44, 'Lasagna', 17.50, 1, TRUE),
(45, 'Café Americano', 3.99, 5, TRUE),
(46, 'Tarta de Queso', 7.75, 4, TRUE),
(47, 'Sopa de Calabaza', 9.25, 3, TRUE),
(48, 'Filete Mignon', 28.50, 1, TRUE),
(49, 'Piña Colada', 9.50, 5, TRUE),
(50, 'Mango Sticky Rice', 6.99, 4, TRUE)
;

INSERT INTO "orders" ("quantity", "queued_at", "product_id", "master_order_id") VALUES 
(2, '01/01/2023 12:30:00', 1, 1),
(2, '01/01/2023 12:30:00', 2, 1),
(3, '01/01/2023 12:30:00', 3, 1),
(1, '01/01/2023 12:30:00', 4, 1),
(4, '02/01/2023 18:00:00', 5, 2),
(1, '02/01/2023 18:00:00', 6, 2),
(2, '02/01/2023 18:00:00', 7, 2),
(3, '02/01/2023 18:00:00', 8, 2),
(2, '03/01/2023 20:15:00', 9, 3),
(2, '03/01/2023 20:15:00', 10, 3),
(1, '03/01/2023 20:15:00', 11, 3),
(1, '03/01/2023 20:15:00', 12, 3),
(2, '04/01/2023 13:45:00', 13, 4),
(1, '04/01/2023 13:45:00', 14, 4),
(2, '04/01/2023 13:45:00', 15, 4),
(1, '04/01/2023 13:45:00', 16, 4),
(2, '05/01/2023 19:30:00', 17, 5),
(1, '05/01/2023 19:30:00', 18, 5),
(2, '05/01/2023 19:30:00', 19, 5),
(1, '05/01/2023 19:30:00', 20, 5),
(2, '06/01/2023 14:00:00', 21, 6),
(1, '06/01/2023 14:00:00', 22, 6),
(1, '06/01/2023 14:00:00', 23, 6),
(3, '06/01/2023 14:00:00', 24, 6),
(2, '07/01/2023 17:45:00', 25, 7),
(1, '07/01/2023 17:45:00', 26, 7),
(1, '07/01/2023 17:45:00', 27, 7),
(1, '07/01/2023 17:45:00', 28, 7),
(2, '08/01/2023 20:00:00', 29, 8),
(1, '08/01/2023 20:00:00', 30, 8),
(1, '08/01/2023 20:00:00', 31, 8),
(1, '08/01/2023 20:00:00', 32, 8),
(2, '09/01/2023 12:00:00', 33, 9),
(2, '09/01/2023 12:00:00', 34, 9),
(1, '09/01/2023 12:00:00', 35, 9),
(1, '09/01/2023 12:00:00', 36, 9),
(2, '10/01/2023 18:30:00', 37, 10),
(1, '10/01/2023 18:30:00', 38, 10),
(4, '10/01/2023 18:30:00', 39, 10),
(1, '10/01/2023 18:30:00', 40, 10)
;



INSERT INTO "employees" ("id", "first_name", "second_name", "first_last_name", "second_last_name", "email", "phone_number", "address", "user", "password", "role") VALUES
('0102030405', 'Juan', 'Pablo', 'Gomez', 'Vargas', 'juan.gomez@example.com', '0991234567', 'Av. Principal 123, Quito', 'juanito', 'clave123', 'ADMINISTRADOR'),
('0607080910', 'Maria', 'Fernanda', 'Perez', 'Gutierrez', 'maria.perez@example.com', '0987654321', 'Calle Secundaria 45, Guayaquil', 'maria', 'password123', 'CHEF'),
('1112131415', 'Carlos', 'Andres', 'Rodriguez', 'Moreno', 'carlos.rodriguez@example.com', '0965432109', 'Vía Panamericana, Cuenca', 'carlosr', 'clave456', 'MESERO'),
('1617181920', 'Paola', 'Alejandra', 'Lopez', 'Velez', 'paola.lopez@example.com', '0956789012', 'Barrio Nuevo, Ambato', 'paolal', 'pass123', 'CAJERO'),
('2122232425', 'Ricardo', 'Javier', 'Suarez', 'Castillo', 'ricardo.suarez@example.com', '0987123456', 'La Floresta 67, Loja', 'ricardos', 'clave789', 'ADMINISTRADOR'),
('2627282930', 'Ana', 'Gabriela', 'Garcia', 'Mendoza', 'ana.garcia@example.com', '0978901234', 'Av. de las Palmeras, Portoviejo', 'anag', 'pass456', 'CHEF'),
('3132333435', 'Fernando', 'Miguel', 'Vera', 'Santos', 'fernando.vera@example.com', '0998765432', 'Calle de los Pinos, Machala', 'fernandov', 'password789', 'MESERO'),
('3637383940', 'Diana', 'Carolina', 'Ramirez', 'Chavez', 'diana.ramirez@example.com', '0965432109', 'Av. de las Acacias, Santo Domingo', 'dianar', 'clave101', 'CAJERO'),
('4142434445', 'Eduardo', 'Alejandro', 'Cruz', 'Rojas', 'eduardo.cruz@example.com', '0987654321', 'Urbanización Los Olivos, Manta', 'eduardoc', 'pass101', 'ADMINISTRADOR'),
('4647484950', 'Carla', 'Valeria', 'Alvarez', 'Ortiz', 'carla.alvarez@example.com', '0978901234', 'Callejon de los Sueños, Esmeraldas', 'carlav', 'clave112', 'CHEF')
;